date,sales,day,day_num
2013-07-22,22060,Monday,0
2013-09-02,18572,Monday,0
2017-05-01,26290,Monday,0
2016-05-02,25303,Monday,0
2014-09-01,20772,Monday,0
2016-04-25,23614,Monday,0
2013-08-26,19441,Monday,0
2017-05-08,26365,Monday,0
2014-09-08,20996,Monday,0
2016-04-18,23660,Monday,0
2014-09-15,21119,Monday,0
2013-08-19,19336,Monday,0
2017-05-15,26191,Monday,0
2016-04-11,23813,Monday,0
2014-09-22,21022,Monday,0
2013-08-12,19570,Monday,0
2014-08-25,22324,Monday,0
2016-05-09,25444,Monday,0
2017-04-24,24503,Monday,0
2013-09-09,18130,Monday,0
2016-06-13,27062,Monday,0
2014-07-21,25612,Monday,0
2013-09-30,18209,Monday,0
2017-04-03,24714,Monday,0
2016-06-06,27517,Monday,0
2014-07-28,25322,Monday,0
2016-05-30,25008,Monday,0
2017-05-22,26354,Monday,0
2013-09-23,18259,Monday,0
2014-08-04,22345,Monday,0
2016-05-23,25452,Monday,0
2014-08-11,22391,Monday,0
2013-09-16,18425,Monday,0
2017-04-17,24703,Monday,0
2016-05-16,25588,Monday,0
2014-08-18,22459,Monday,0
2017-04-10,24648,Monday,0
2016-04-04,23543,Monday,0
2014-09-29,20932,Monday,0
2013-08-05,19634,Monday,0
2014-11-10,20722,Monday,0
2016-02-15,16911,Monday,0
2013-07-01,21997,Monday,0
2017-07-03,29775,Monday,0
2014-11-17,20880,Monday,0
2016-02-08,17031,Monday,0
2014-11-24,21103,Monday,0
2016-02-22,17037,Monday,0
2013-06-24,20904,Monday,0
2016-02-01,17009,Monday,0
2014-12-01,14986,Monday,0
2013-06-17,20532,Monday,0
2017-07-17,29959,Monday,0
2016-01-25,15271,Monday,0
2014-12-08,15057,Monday,0
2013-06-10,20799,Monday,0
2017-07-10,29723,Monday,0
2017-03-27,21013,Monday,0
2017-06-26,28187,Monday,0
2014-11-03,21085,Monday,0
2017-05-29,26194,Monday,0
2016-03-28,20448,Monday,0
2014-10-06,19523,Monday,0
2016-03-21,20379,Monday,0
2013-07-29,21987,Monday,0
2017-06-05,27794,Monday,0
2014-10-13,19517,Monday,0
2013-07-08,22288,Monday,0
2016-03-14,20454,Monday,0
2014-02-10,14817,Monday,0
2017-06-12,27827,Monday,0
2016-03-07,20090,Monday,0
2014-10-27,19401,Monday,0
2013-07-15,22020,Monday,0
2017-06-19,28173,Monday,0
2016-02-29,16916,Monday,0
2014-10-20,19415,Monday,0
2013-10-07,17034,Monday,0
2014-07-14,25248,Monday,0
2016-06-20,27024,Monday,0
2014-01-06,13438,Monday,0
2016-12-26,16831,Monday,0
2016-10-03,22186,Monday,0
2014-03-31,17981,Monday,0
2013-12-30,12958,Monday,0
2017-01-02,15772,Monday,0
2016-09-26,23542,Monday,0
2014-03-24,17895,Monday,0
2014-04-07,20951,Monday,0
2017-01-09,15797,Monday,0
2016-09-19,23860,Monday,0
2014-04-14,20991,Monday,0
2016-09-12,23494,Monday,0
2013-12-16,13088,Monday,0
2017-01-16,15743,Monday,0
2014-04-21,20859,Monday,0
2013-12-23,13038,Monday,0
2016-09-05,23581,Monday,0
2016-10-10,21849,Monday,0
2016-12-19,16832,Monday,0
2016-11-14,23661,Monday,0
2014-02-17,14814,Monday,0
2014-02-03,15055,Monday,0
2016-11-28,23621,Monday,0
2016-11-07,23294,Monday,0
2014-02-24,15126,Monday,0
2014-01-27,13469,Monday,0
2014-03-17,17885,Monday,0
2016-12-05,16887,Monday,0
2014-03-03,17983,Monday,0
2014-01-20,13520,Monday,0
2016-12-12,16996,Monday,0
2016-10-24,22043,Monday,0
2014-03-10,17878,Monday,0
2016-10-17,21996,Monday,0
2014-01-13,13408,Monday,0
2016-10-31,21976,Monday,0
2017-07-24,30041,Monday,0
2014-04-28,20836,Monday,0
2017-01-23,15697,Monday,0
2013-11-04,18215,Monday,0
2017-02-27,17550,Monday,0
2016-07-18,28756,Monday,0
2014-06-16,24053,Monday,0
2013-10-28,16782,Monday,0
2017-03-06,21032,Monday,0
2016-07-11,28907,Monday,0
2014-06-09,23951,Monday,0
2014-06-23,24196,Monday,0
2013-10-21,16765,Monday,0
2017-03-13,21193,Monday,0
2014-06-30,23745,Monday,0
2016-06-27,26884,Monday,0
2014-07-07,25578,Monday,0
2013-10-14,16791,Monday,0
2017-03-20,20895,Monday,0
2016-07-04,28792,Monday,0
2013-12-09,12942,Monday,0
2016-07-25,28765,Monday,0
2013-11-11,18375,Monday,0
2016-08-29,25368,Monday,0
2014-05-05,22378,Monday,0
2013-12-02,13141,Monday,0
2017-01-30,15839,Monday,0
2016-08-22,25404,Monday,0
2014-05-12,22696,Monday,0
2013-11-25,18260,Monday,0
2017-02-20,17435,Monday,0
2017-02-06,17584,Monday,0
2014-05-19,22323,Monday,0
2016-08-08,25392,Monday,0
2013-11-18,18251,Monday,0
2017-02-13,17580,Monday,0
2014-05-26,22496,Monday,0
2016-08-01,25351,Monday,0
2014-06-02,23934,Monday,0
2016-08-15,25389,Monday,0
2016-01-18,15100,Monday,0
2016-11-21,23692,Monday,0
2015-11-16,21942,Monday,0
2013-04-01,18204,Monday,0
2015-05-11,23295,Monday,0
2015-03-09,18575,Monday,0
2015-10-26,20188,Monday,0
2015-08-17,23547,Monday,0
2015-03-02,18676,Monday,0
2017-09-25,24796,Monday,0
2015-05-18,23409,Monday,0
2013-04-08,18005,Monday,0
2015-11-02,21871,Monday,0
2013-02-04,12998,Monday,0
2017-11-27,24427,Monday,0
2015-02-23,15493,Monday,0
2015-11-09,21544,Monday,0
2017-09-18,24575,Monday,0
2013-04-15,18080,Monday,0
2015-08-10,23336,Monday,0
2015-05-25,23434,Monday,0
2015-02-16,15509,Monday,0
2015-04-20,21693,Monday,0
2013-01-28,11848,Monday,0
2017-09-11,24645,Monday,0
2013-04-22,18415,Monday,0
2017-12-04,17382,Monday,0
2015-02-09,15756,Monday,0
2015-11-23,21653,Monday,0
2015-08-03,23701,Monday,0
2017-10-02,22913,Monday,0
2015-06-01,24904,Monday,0
2017-11-20,24636,Monday,0
2015-10-19,20182,Monday,0
2013-02-25,13058,Monday,0
2017-10-30,22695,Monday,0
2013-03-04,15710,Monday,0
2015-04-13,21687,Monday,0
2015-09-21,22012,Monday,0
2017-11-06,24752,Monday,0
2015-09-07,21833,Monday,0
2015-04-27,21792,Monday,0
2015-04-06,21875,Monday,0
2017-10-23,22965,Monday,0
2013-03-11,15323,Monday,0
2015-09-28,21847,Monday,0
2013-02-18,12858,Monday,0
2017-11-13,24604,Monday,0
2015-03-30,18910,Monday,0
2015-10-05,20370,Monday,0
2017-10-16,22940,Monday,0
2013-03-18,15583,Monday,0
2015-08-31,23577,Monday,0
2014-12-15,14756,Monday,0
2015-05-04,23355,Monday,0
2015-03-23,18606,Monday,0
2015-10-12,20316,Monday,0
2017-10-09,22974,Monday,0
2013-03-25,15647,Monday,0
2015-08-24,23355,Monday,0
2015-03-16,18880,Monday,0
2013-02-11,12961,Monday,0
2017-09-04,24625,Monday,0
2015-09-14,21728,Monday,0
2015-12-14,15663,Monday,0
2017-08-21,26188,Monday,0
2013-05-13,19253,Monday,0
2015-07-20,26777,Monday,0
2017-12-25,17517,Monday,0
2016-01-04,15199,Monday,0
2013-01-14,11746,Monday,0
2017-12-18,17746,Monday,0
2014-12-29,14888,Monday,0
2015-01-12,13968,Monday,0
2015-12-21,15669,Monday,0
2015-06-15,24819,Monday,0
2013-05-27,19470,Monday,0
2013-04-29,18025,Monday,0
2017-08-07,26633,Monday,0
2013-01-07,11769,Monday,0
2017-08-14,26144,Monday,0
2013-05-20,19467,Monday,0
2015-06-22,24773,Monday,0
2015-07-13,26708,Monday,0
2015-12-28,15569,Monday,0
2015-01-19,14168,Monday,0
2015-01-05,14235,Monday,0
2015-07-06,26519,Monday,0
2013-01-21,11709,Monday,0
2017-12-11,17619,Monday,0
2016-01-11,15385,Monday,0
2013-06-03,20628,Monday,0
2015-06-08,24907,Monday,0
2015-01-26,14069,Monday,0
2017-08-28,26557,Monday,0
2015-11-30,21663,Monday,0
2015-02-02,15583,Monday,0
2013-05-06,19464,Monday,0
2015-12-07,15550,Monday,0
2017-07-31,30164,Monday,0
2014-12-22,15052,Monday,0
2015-07-27,26406,Monday,0
2015-06-29,25074,Monday,0
2016-11-15,27712,Tuesday,1
2016-08-16,29453,Tuesday,1
2014-05-13,26378,Tuesday,1
2014-02-25,17419,Tuesday,1
2014-02-11,17457,Tuesday,1
2015-04-21,25243,Tuesday,1
2016-08-02,29742,Tuesday,1
2015-07-07,30916,Tuesday,1
2015-09-08,25362,Tuesday,1
2015-09-01,25375,Tuesday,1
2015-04-28,25437,Tuesday,1
2016-11-08,27531,Tuesday,1
2014-02-18,17407,Tuesday,1
2014-05-20,26124,Tuesday,1
2016-08-09,29602,Tuesday,1
2015-06-23,29165,Tuesday,1
2014-05-27,26289,Tuesday,1
2016-10-04,25699,Tuesday,1
2014-04-29,24516,Tuesday,1
2015-05-05,27256,Tuesday,1
2014-03-25,20666,Tuesday,1
2015-06-02,29260,Tuesday,1
2015-06-30,29345,Tuesday,1
2015-08-04,27120,Tuesday,1
2015-07-28,30946,Tuesday,1
2016-09-27,27538,Tuesday,1
2016-10-11,25931,Tuesday,1
2015-05-26,27535,Tuesday,1
2014-04-08,24539,Tuesday,1
2016-09-20,27579,Tuesday,1
2015-08-11,27228,Tuesday,1
2014-03-18,20876,Tuesday,1
2015-06-09,29264,Tuesday,1
2015-05-19,27512,Tuesday,1
2014-04-15,24536,Tuesday,1
2016-09-13,27533,Tuesday,1
2015-07-21,30881,Tuesday,1
2016-11-01,27652,Tuesday,1
2015-08-25,27058,Tuesday,1
2014-05-06,26479,Tuesday,1
2015-07-14,30928,Tuesday,1
2015-06-16,29246,Tuesday,1
2014-03-04,21160,Tuesday,1
2016-08-23,29544,Tuesday,1
2016-08-30,29538,Tuesday,1
2015-05-12,27255,Tuesday,1
2015-08-18,27094,Tuesday,1
2016-09-06,27520,Tuesday,1
2014-04-22,24655,Tuesday,1
2014-03-11,20909,Tuesday,1
2016-10-18,25527,Tuesday,1
2016-10-25,25994,Tuesday,1
2014-12-16,17518,Tuesday,1
2015-03-24,21887,Tuesday,1
2016-07-26,33463,Tuesday,1
2016-03-08,23593,Tuesday,1
2014-10-21,22814,Tuesday,1
2015-01-20,16309,Tuesday,1
2015-12-08,18296,Tuesday,1
2016-03-15,23707,Tuesday,1
2014-10-14,22779,Tuesday,1
2016-03-22,23905,Tuesday,1
2014-10-07,22345,Tuesday,1
2015-01-27,16418,Tuesday,1
2015-12-01,18016,Tuesday,1
2016-03-29,23688,Tuesday,1
2014-09-30,24289,Tuesday,1
2016-04-05,27601,Tuesday,1
2015-02-03,18109,Tuesday,1
2015-11-24,25667,Tuesday,1
2014-09-23,24423,Tuesday,1
2016-04-12,27621,Tuesday,1
2014-09-16,24443,Tuesday,1
2015-02-10,18379,Tuesday,1
2014-10-28,22657,Tuesday,1
2015-11-17,25672,Tuesday,1
2015-12-15,18454,Tuesday,1
2016-03-01,23682,Tuesday,1
2016-01-12,17721,Tuesday,1
2016-01-19,17804,Tuesday,1
2014-12-09,17656,Tuesday,1
2016-01-26,17794,Tuesday,1
2014-12-02,17517,Tuesday,1
2014-12-23,17498,Tuesday,1
2016-01-05,17806,Tuesday,1
2016-02-02,19801,Tuesday,1
2014-11-25,24492,Tuesday,1
2016-02-09,19880,Tuesday,1
2014-11-18,24357,Tuesday,1
2014-12-30,17407,Tuesday,1
2015-12-29,18403,Tuesday,1
2016-02-16,19764,Tuesday,1
2014-11-11,24552,Tuesday,1
2015-01-06,16424,Tuesday,1
2015-12-22,18008,Tuesday,1
2016-02-23,19798,Tuesday,1
2014-11-04,24251,Tuesday,1
2015-01-13,16418,Tuesday,1
2014-06-03,27617,Tuesday,1
2016-04-19,27752,Tuesday,1
2015-02-17,18261,Tuesday,1
2016-06-14,31685,Tuesday,1
2014-07-15,29718,Tuesday,1
2015-10-06,23618,Tuesday,1
2016-06-21,31377,Tuesday,1
2014-07-08,29800,Tuesday,1
2016-06-28,31539,Tuesday,1
2014-07-01,29579,Tuesday,1
2015-03-31,21807,Tuesday,1
2015-09-29,25587,Tuesday,1
2016-07-05,33392,Tuesday,1
2014-06-24,27551,Tuesday,1
2015-04-07,25554,Tuesday,1
2015-09-22,25355,Tuesday,1
2016-07-12,33393,Tuesday,1
2014-06-17,28005,Tuesday,1
2016-07-19,33862,Tuesday,1
2014-06-10,28081,Tuesday,1
2015-04-14,25281,Tuesday,1
2015-09-15,25728,Tuesday,1
2015-10-13,23738,Tuesday,1
2014-09-09,24486,Tuesday,1
2014-07-22,29399,Tuesday,1
2015-03-17,21806,Tuesday,1
2015-11-10,25442,Tuesday,1
2016-04-26,27858,Tuesday,1
2014-09-02,24341,Tuesday,1
2016-05-03,29568,Tuesday,1
2014-08-26,26317,Tuesday,1
2015-02-24,18100,Tuesday,1
2015-11-03,25586,Tuesday,1
2016-05-10,29485,Tuesday,1
2014-08-19,26039,Tuesday,1
2016-05-17,29539,Tuesday,1
2014-08-12,26083,Tuesday,1
2015-03-03,21866,Tuesday,1
2015-10-27,23651,Tuesday,1
2016-05-24,29351,Tuesday,1
2014-08-05,26079,Tuesday,1
2015-03-10,21732,Tuesday,1
2015-10-20,23680,Tuesday,1
2016-05-31,29258,Tuesday,1
2014-07-29,29621,Tuesday,1
2016-06-07,31647,Tuesday,1
2013-01-01,13696,Tuesday,1
2014-04-01,24103,Tuesday,1
2017-06-13,32835,Tuesday,1
2013-10-29,19700,Tuesday,1
2017-03-07,24412,Tuesday,1
2013-04-23,21445,Tuesday,1
2013-10-22,19694,Tuesday,1
2017-03-14,24835,Tuesday,1
2017-09-05,28289,Tuesday,1
2013-04-30,21299,Tuesday,1
2013-10-15,19615,Tuesday,1
2017-03-21,24703,Tuesday,1
2017-08-29,30775,Tuesday,1
2013-05-07,22803,Tuesday,1
2013-10-08,19624,Tuesday,1
2017-08-22,30902,Tuesday,1
2013-05-14,22911,Tuesday,1
2017-03-28,24693,Tuesday,1
2017-09-12,28537,Tuesday,1
2013-04-16,21429,Tuesday,1
2017-09-19,28569,Tuesday,1
2013-11-05,21255,Tuesday,1
2013-12-03,15226,Tuesday,1
2017-01-31,18486,Tuesday,1
2017-10-17,26737,Tuesday,1
2013-03-19,18235,Tuesday,1
2013-11-26,21145,Tuesday,1
2017-02-07,20433,Tuesday,1
2017-10-10,26478,Tuesday,1
2017-08-15,30493,Tuesday,1
2013-03-26,18308,Tuesday,1
2017-02-14,20486,Tuesday,1
2017-10-03,26854,Tuesday,1
2013-04-02,21218,Tuesday,1
2013-11-12,21249,Tuesday,1
2017-02-21,20582,Tuesday,1
2017-09-26,28537,Tuesday,1
2013-04-09,21176,Tuesday,1
2013-11-19,21276,Tuesday,1
2013-10-01,19640,Tuesday,1
2017-04-04,28465,Tuesday,1
2013-05-21,22750,Tuesday,1
2017-07-04,34737,Tuesday,1
2013-08-20,22855,Tuesday,1
2017-05-16,30927,Tuesday,1
2013-07-02,25802,Tuesday,1
2017-06-27,32849,Tuesday,1
2013-08-13,22645,Tuesday,1
2013-07-09,25917,Tuesday,1
2013-06-25,24115,Tuesday,1
2017-05-23,30609,Tuesday,1
2013-07-16,25945,Tuesday,1
2013-08-06,22740,Tuesday,1
2017-05-30,30299,Tuesday,1
2016-11-22,27435,Tuesday,1
2013-07-23,25682,Tuesday,1
2013-07-30,25873,Tuesday,1
2017-06-06,32934,Tuesday,1
2017-06-20,32800,Tuesday,1
2013-03-12,18029,Tuesday,1
2017-05-09,30909,Tuesday,1
2017-07-11,34949,Tuesday,1
2013-09-24,21223,Tuesday,1
2017-04-11,28582,Tuesday,1
2017-08-08,30828,Tuesday,1
2013-05-28,22875,Tuesday,1
2013-09-17,20864,Tuesday,1
2017-04-18,28529,Tuesday,1
2017-08-01,30725,Tuesday,1
2013-08-27,22853,Tuesday,1
2013-06-04,24038,Tuesday,1
2017-07-25,34910,Tuesday,1
2013-06-11,24653,Tuesday,1
2017-04-25,28660,Tuesday,1
2017-07-18,34615,Tuesday,1
2013-09-03,21395,Tuesday,1
2017-05-02,31050,Tuesday,1
2013-06-18,24342,Tuesday,1
2013-09-10,21507,Tuesday,1
2017-10-24,26494,Tuesday,1
2017-02-28,20387,Tuesday,1
2016-12-06,19381,Tuesday,1
2016-12-27,19341,Tuesday,1
2017-12-05,20177,Tuesday,1
2013-02-26,15184,Tuesday,1
2017-12-12,20236,Tuesday,1
2017-11-07,28922,Tuesday,1
2016-12-13,19766,Tuesday,1
2017-12-19,20517,Tuesday,1
2017-01-10,18608,Tuesday,1
2014-01-07,15664,Tuesday,1
2013-12-24,15126,Tuesday,1
2013-01-15,13625,Tuesday,1
2017-11-21,28827,Tuesday,1
2013-02-12,15154,Tuesday,1
2014-01-21,15484,Tuesday,1
2013-12-31,15044,Tuesday,1
2013-02-19,15359,Tuesday,1
2017-11-14,28764,Tuesday,1
2013-01-22,13724,Tuesday,1
2014-01-28,15725,Tuesday,1
2013-12-17,14975,Tuesday,1
2017-01-03,18650,Tuesday,1
2013-01-08,13560,Tuesday,1
2016-12-20,19774,Tuesday,1
2017-01-24,18524,Tuesday,1
2013-12-10,15171,Tuesday,1
2014-01-14,15738,Tuesday,1
2017-11-28,28788,Tuesday,1
2017-10-31,26550,Tuesday,1
2013-02-05,14956,Tuesday,1
2017-12-26,20738,Tuesday,1
2014-02-04,17488,Tuesday,1
2013-03-05,18189,Tuesday,1
2017-01-17,18510,Tuesday,1
2013-01-29,13724,Tuesday,1
2016-11-29,27808,Tuesday,1
2017-12-06,20340,Wednesday,2
2015-07-29,30912,Wednesday,2
2015-05-27,27340,Wednesday,2
2014-12-03,17328,Wednesday,2
2016-01-27,18023,Wednesday,2
2015-06-03,29111,Wednesday,2
2017-07-19,34988,Wednesday,2
2013-06-05,24326,Wednesday,2
2013-06-12,24315,Wednesday,2
2014-12-10,17429,Wednesday,2
2013-05-29,22979,Wednesday,2
2016-01-06,17789,Wednesday,2
2014-12-24,17274,Wednesday,2
2015-08-05,27202,Wednesday,2
2014-12-17,17689,Wednesday,2
2017-07-26,34978,Wednesday,2
2017-08-02,30787,Wednesday,2
2016-01-20,17952,Wednesday,2
2013-01-23,13613,Wednesday,2
2016-01-13,17649,Wednesday,2
2015-04-08,25013,Wednesday,2
2017-07-12,34823,Wednesday,2
2014-11-05,24300,Wednesday,2
2013-01-09,13878,Wednesday,2
2013-07-10,25728,Wednesday,2
2017-06-21,32943,Wednesday,2
2016-03-02,23554,Wednesday,2
2014-10-29,22680,Wednesday,2
2016-02-24,19528,Wednesday,2
2013-07-17,25664,Wednesday,2
2016-03-09,23866,Wednesday,2
2014-10-22,22864,Wednesday,2
2015-06-24,29154,Wednesday,2
2015-07-08,31200,Wednesday,2
2017-12-27,20378,Wednesday,2
2013-01-02,13678,Wednesday,2
2017-06-14,33052,Wednesday,2
2015-07-15,31097,Wednesday,2
2015-06-17,29104,Wednesday,2
2017-12-20,20545,Wednesday,2
2016-02-03,19773,Wednesday,2
2014-11-26,24623,Wednesday,2
2017-12-13,20703,Wednesday,2
2015-06-10,29056,Wednesday,2
2013-01-30,13391,Wednesday,2
2015-07-22,31013,Wednesday,2
2013-06-26,24449,Wednesday,2
2016-02-10,19560,Wednesday,2
2014-11-19,24476,Wednesday,2
2017-07-05,34681,Wednesday,2
2013-01-16,13591,Wednesday,2
2013-07-03,25903,Wednesday,2
2016-02-17,19858,Wednesday,2
2014-11-12,24561,Wednesday,2
2017-06-28,32714,Wednesday,2
2013-06-19,24155,Wednesday,2
2017-11-29,28721,Wednesday,2
2017-08-16,30721,Wednesday,2
2015-12-30,18191,Wednesday,2
2015-03-11,21864,Wednesday,2
2015-04-22,25459,Wednesday,2
2015-09-09,25604,Wednesday,2
2013-04-03,21125,Wednesday,2
2015-10-28,23792,Wednesday,2
2017-11-08,28739,Wednesday,2
2015-10-21,23677,Wednesday,2
2015-03-04,21850,Wednesday,2
2013-04-10,21197,Wednesday,2
2015-11-04,25555,Wednesday,2
2013-02-20,14909,Wednesday,2
2015-02-25,18161,Wednesday,2
2017-09-20,28985,Wednesday,2
2015-04-29,25375,Wednesday,2
2017-09-27,29056,Wednesday,2
2013-02-27,15014,Wednesday,2
2017-10-04,26691,Wednesday,2
2013-03-27,18276,Wednesday,2
2017-10-25,26794,Wednesday,2
2013-03-13,18413,Wednesday,2
2013-03-06,18435,Wednesday,2
2015-09-30,25445,Wednesday,2
2015-04-01,25302,Wednesday,2
2017-10-18,26743,Wednesday,2
2015-04-15,25078,Wednesday,2
2015-10-07,23594,Wednesday,2
2015-03-25,21688,Wednesday,2
2013-03-20,18097,Wednesday,2
2017-10-11,26899,Wednesday,2
2015-09-16,25589,Wednesday,2
2017-11-01,28476,Wednesday,2
2015-10-14,23548,Wednesday,2
2015-03-18,21819,Wednesday,2
2013-07-24,26036,Wednesday,2
2015-09-02,25486,Wednesday,2
2015-11-11,25533,Wednesday,2
2015-02-18,18167,Wednesday,2
2015-12-09,18273,Wednesday,2
2015-01-21,16381,Wednesday,2
2015-08-19,27417,Wednesday,2
2017-08-23,30625,Wednesday,2
2013-02-06,15124,Wednesday,2
2015-12-16,18517,Wednesday,2
2015-01-14,16542,Wednesday,2
2013-05-15,22831,Wednesday,2
2015-09-23,25368,Wednesday,2
2015-12-23,18031,Wednesday,2
2015-05-20,27574,Wednesday,2
2015-01-07,16273,Wednesday,2
2015-08-12,27069,Wednesday,2
2013-05-22,22993,Wednesday,2
2017-08-09,30719,Wednesday,2
2013-05-08,22901,Wednesday,2
2014-12-31,17238,Wednesday,2
2015-05-13,27244,Wednesday,2
2017-08-30,30591,Wednesday,2
2013-04-17,21209,Wednesday,2
2017-09-13,28837,Wednesday,2
2017-11-15,28607,Wednesday,2
2015-11-18,25412,Wednesday,2
2015-02-11,18330,Wednesday,2
2013-04-24,21422,Wednesday,2
2017-09-06,28568,Wednesday,2
2015-11-25,25490,Wednesday,2
2015-05-06,27375,Wednesday,2
2015-08-26,27259,Wednesday,2
2015-02-04,18129,Wednesday,2
2013-02-13,15274,Wednesday,2
2013-05-01,22967,Wednesday,2
2015-12-02,18243,Wednesday,2
2015-01-28,16457,Wednesday,2
2017-11-22,28317,Wednesday,2
2016-03-16,23510,Wednesday,2
2016-11-23,27642,Wednesday,2
2014-10-15,22462,Wednesday,2
2017-02-22,20425,Wednesday,2
2016-07-27,33432,Wednesday,2
2014-06-04,28218,Wednesday,2
2013-11-13,21174,Wednesday,2
2016-08-03,29510,Wednesday,2
2014-05-28,26186,Wednesday,2
2017-02-15,20568,Wednesday,2
2013-11-20,21413,Wednesday,2
2016-08-10,29504,Wednesday,2
2014-05-21,26264,Wednesday,2
2017-02-08,20292,Wednesday,2
2016-08-17,29775,Wednesday,2
2014-05-14,26333,Wednesday,2
2013-11-27,21306,Wednesday,2
2017-02-01,20612,Wednesday,2
2016-08-24,29693,Wednesday,2
2014-05-07,25984,Wednesday,2
2013-11-06,21044,Wednesday,2
2013-12-04,15280,Wednesday,2
2014-06-11,27903,Wednesday,2
2013-10-30,19854,Wednesday,2
2017-03-29,24474,Wednesday,2
2016-06-15,31566,Wednesday,2
2014-07-16,29528,Wednesday,2
2013-10-09,19519,Wednesday,2
2017-03-22,24748,Wednesday,2
2016-06-22,31960,Wednesday,2
2014-07-09,29318,Wednesday,2
2013-10-16,19666,Wednesday,2
2016-06-29,31638,Wednesday,2
2014-07-02,29762,Wednesday,2
2017-03-15,24363,Wednesday,2
2013-10-23,19642,Wednesday,2
2016-07-06,33287,Wednesday,2
2014-06-25,28036,Wednesday,2
2017-03-08,24928,Wednesday,2
2016-07-13,34001,Wednesday,2
2014-06-18,28032,Wednesday,2
2017-03-01,24581,Wednesday,2
2017-01-25,18450,Wednesday,2
2016-08-31,30064,Wednesday,2
2014-04-30,24535,Wednesday,2
2014-01-15,15590,Wednesday,2
2016-10-19,25913,Wednesday,2
2014-03-12,20798,Wednesday,2
2016-12-14,19786,Wednesday,2
2016-10-26,25314,Wednesday,2
2014-03-05,21097,Wednesday,2
2014-01-22,15725,Wednesday,2
2016-12-07,19614,Wednesday,2
2016-11-02,27960,Wednesday,2
2014-02-26,17682,Wednesday,2
2014-01-29,15664,Wednesday,2
2016-11-30,27584,Wednesday,2
2016-11-09,27632,Wednesday,2
2014-02-19,17556,Wednesday,2
2014-02-05,17763,Wednesday,2
2016-11-16,27701,Wednesday,2
2014-02-12,17386,Wednesday,2
2016-12-21,19436,Wednesday,2
2014-03-19,20864,Wednesday,2
2016-10-12,25487,Wednesday,2
2014-01-08,15682,Wednesday,2
2013-12-11,15230,Wednesday,2
2016-09-07,27482,Wednesday,2
2014-04-23,24392,Wednesday,2
2017-01-18,18645,Wednesday,2
2013-12-18,15104,Wednesday,2
2016-09-14,27435,Wednesday,2
2014-04-16,24438,Wednesday,2
2017-01-11,18491,Wednesday,2
2013-10-02,19853,Wednesday,2
2016-09-21,27688,Wednesday,2
2013-12-25,15351,Wednesday,2
2017-01-04,18510,Wednesday,2
2016-09-28,27952,Wednesday,2
2014-04-02,24301,Wednesday,2
2014-01-01,15556,Wednesday,2
2016-12-28,19560,Wednesday,2
2016-10-05,25604,Wednesday,2
2014-03-26,21021,Wednesday,2
2014-04-09,24431,Wednesday,2
2014-07-23,29268,Wednesday,2
2016-07-20,33718,Wednesday,2
2015-07-01,30703,Wednesday,2
2014-08-13,26014,Wednesday,2
2014-10-01,22672,Wednesday,2
2016-05-18,29725,Wednesday,2
2013-08-07,22455,Wednesday,2
2017-04-19,28716,Wednesday,2
2017-05-24,30747,Wednesday,2
2016-04-06,27490,Wednesday,2
2013-09-11,21221,Wednesday,2
2014-08-20,26100,Wednesday,2
2014-09-24,24220,Wednesday,2
2016-05-11,29448,Wednesday,2
2017-04-26,28618,Wednesday,2
2013-08-14,22727,Wednesday,2
2013-09-04,21127,Wednesday,2
2017-05-17,30518,Wednesday,2
2014-08-27,26085,Wednesday,2
2016-04-13,27507,Wednesday,2
2016-05-04,29903,Wednesday,2
2017-05-03,30765,Wednesday,2
2014-09-17,24439,Wednesday,2
2013-08-21,22736,Wednesday,2
2014-09-03,24387,Wednesday,2
2016-06-08,31561,Wednesday,2
2016-04-20,27627,Wednesday,2
2016-04-27,27531,Wednesday,2
2013-08-28,22831,Wednesday,2
2017-05-10,30895,Wednesday,2
2013-09-18,21368,Wednesday,2
2016-03-30,23769,Wednesday,2
2014-09-10,24514,Wednesday,2
2014-07-30,29711,Wednesday,2
2013-09-25,21390,Wednesday,2
2017-04-12,28609,Wednesday,2
2016-03-23,23729,Wednesday,2
2013-07-31,25624,Wednesday,2
2014-10-08,22866,Wednesday,2
2014-08-06,26257,Wednesday,2
2017-06-07,33061,Wednesday,2
2016-06-01,31697,Wednesday,2
2016-05-25,29502,Wednesday,2
2017-05-31,30863,Wednesday,2
2017-04-05,28325,Wednesday,2
2016-09-29,29555,Thursday,3
2017-12-21,22214,Thursday,3
2015-08-27,29414,Thursday,3
2016-02-18,21016,Thursday,3
2017-11-16,30732,Thursday,3
2016-11-10,29539,Thursday,3
2016-04-21,29403,Thursday,3
2017-06-08,35401,Thursday,3
2017-01-05,19895,Thursday,3
2016-02-11,21257,Thursday,3
2016-04-14,29504,Thursday,3
2015-09-10,27349,Thursday,3
2017-12-28,21885,Thursday,3
2015-09-03,27467,Thursday,3
2016-09-22,29703,Thursday,3
2016-03-24,25420,Thursday,3
2017-11-09,30856,Thursday,3
2015-07-09,32963,Thursday,3
2017-05-11,33234,Thursday,3
2016-09-15,29587,Thursday,3
2017-01-12,19684,Thursday,3
2016-11-17,29622,Thursday,3
2016-11-24,29544,Thursday,3
2016-03-31,25125,Thursday,3
2017-05-18,32960,Thursday,3
2016-12-29,21111,Thursday,3
2016-10-27,27513,Thursday,3
2015-07-30,33443,Thursday,3
2017-12-14,22037,Thursday,3
2016-03-03,25696,Thursday,3
2017-12-07,21817,Thursday,3
2015-07-23,33244,Thursday,3
2016-12-15,21109,Thursday,3
2017-06-15,35041,Thursday,3
2016-11-03,29364,Thursday,3
2016-10-20,27742,Thursday,3
2015-08-06,29477,Thursday,3
2017-05-25,33110,Thursday,3
2017-06-22,34850,Thursday,3
2017-11-02,31036,Thursday,3
2017-06-01,34913,Thursday,3
2016-10-13,27292,Thursday,3
2015-08-13,29310,Thursday,3
2016-12-01,21195,Thursday,3
2016-02-25,21195,Thursday,3
2016-12-22,21408,Thursday,3
2016-04-07,29716,Thursday,3
2017-11-23,30935,Thursday,3
2016-10-06,27408,Thursday,3
2015-08-20,29293,Thursday,3
2016-03-10,25416,Thursday,3
2015-07-16,33179,Thursday,3
2016-12-08,21272,Thursday,3
2017-06-29,35310,Thursday,3
2017-11-30,30819,Thursday,3
2016-06-09,33981,Thursday,3
2015-09-17,27367,Thursday,3
2015-11-26,27637,Thursday,3
2016-01-07,19107,Thursday,3
2017-09-07,30647,Thursday,3
2016-07-07,36191,Thursday,3
2017-04-13,30495,Thursday,3
2017-03-09,25987,Thursday,3
2017-08-03,32822,Thursday,3
2015-11-19,27287,Thursday,3
2017-09-14,30837,Thursday,3
2016-05-19,31731,Thursday,3
2015-11-12,27332,Thursday,3
2017-03-02,26326,Thursday,3
2016-03-17,25547,Thursday,3
2016-07-21,36298,Thursday,3
2016-07-14,35846,Thursday,3
2016-05-26,31527,Thursday,3
2016-06-30,33832,Thursday,3
2017-08-31,32937,Thursday,3
2015-12-24,19591,Thursday,3
2017-08-17,33053,Thursday,3
2017-03-30,26393,Thursday,3
2015-12-17,19401,Thursday,3
2017-04-06,30666,Thursday,3
2016-06-16,33888,Thursday,3
2017-08-10,33110,Thursday,3
2017-08-24,32938,Thursday,3
2016-06-02,33837,Thursday,3
2015-12-10,19299,Thursday,3
2017-03-23,26113,Thursday,3
2015-12-31,19377,Thursday,3
2016-06-23,33941,Thursday,3
2015-12-03,19543,Thursday,3
2017-03-16,26248,Thursday,3
2017-09-21,30687,Thursday,3
2016-01-14,19287,Thursday,3
2015-11-05,27526,Thursday,3
2017-04-20,30881,Thursday,3
2016-01-28,19016,Thursday,3
2015-10-08,25260,Thursday,3
2017-02-02,21875,Thursday,3
2017-05-04,32984,Thursday,3
2017-10-19,28790,Thursday,3
2016-08-25,31772,Thursday,3
2015-10-01,25417,Thursday,3
2017-07-13,37008,Thursday,3
2017-01-26,19541,Thursday,3
2016-02-04,20981,Thursday,3
2016-09-01,29975,Thursday,3
2015-09-24,27391,Thursday,3
2017-10-26,28430,Thursday,3
2017-01-19,19530,Thursday,3
2016-09-08,29337,Thursday,3
2016-08-18,31562,Thursday,3
2017-07-06,37195,Thursday,3
2017-10-12,28540,Thursday,3
2017-02-09,21827,Thursday,3
2017-02-23,22127,Thursday,3
2017-07-27,37254,Thursday,3
2016-07-28,35905,Thursday,3
2015-10-29,24999,Thursday,3
2016-05-12,31945,Thursday,3
2017-09-28,30535,Thursday,3
2017-02-16,21813,Thursday,3
2016-08-04,31625,Thursday,3
2016-01-21,18975,Thursday,3
2015-10-22,25347,Thursday,3
2017-04-27,30710,Thursday,3
2017-10-05,28357,Thursday,3
2017-07-20,37258,Thursday,3
2016-08-11,31517,Thursday,3
2015-10-15,25339,Thursday,3
2016-05-05,31698,Thursday,3
2016-04-28,29657,Thursday,3
2015-07-02,33134,Thursday,3
2014-10-16,23929,Thursday,3
2014-05-22,27950,Thursday,3
2015-03-19,23176,Thursday,3
2013-09-05,22733,Thursday,3
2013-11-21,22566,Thursday,3
2013-03-28,19742,Thursday,3
2014-12-11,18691,Thursday,3
2013-06-13,25859,Thursday,3
2014-05-29,28034,Thursday,3
2014-08-21,27962,Thursday,3
2013-11-14,22555,Thursday,3
2013-04-04,22859,Thursday,3
2015-03-05,23536,Thursday,3
2014-06-05,29873,Thursday,3
2013-09-12,22751,Thursday,3
2015-03-12,23506,Thursday,3
2014-08-28,27809,Thursday,3
2013-03-21,19405,Thursday,3
2015-03-26,23218,Thursday,3
2013-12-12,16316,Thursday,3
2014-11-27,26079,Thursday,3
2013-03-07,19310,Thursday,3
2013-08-29,24235,Thursday,3
2014-05-01,28151,Thursday,3
2015-04-09,27528,Thursday,3
2014-07-24,31646,Thursday,3
2013-12-05,16227,Thursday,3
2013-06-20,26128,Thursday,3
2013-03-14,19395,Thursday,3
2015-04-02,27441,Thursday,3
2014-05-08,27778,Thursday,3
2014-12-04,18689,Thursday,3
2013-11-28,22574,Thursday,3
2014-05-15,28119,Thursday,3
2014-12-18,18733,Thursday,3
2013-11-07,22521,Thursday,3
2013-04-11,22975,Thursday,3
2015-02-26,19592,Thursday,3
2013-10-17,21081,Thursday,3
2015-01-01,17226,Thursday,3
2015-01-29,17272,Thursday,3
2014-07-10,31885,Thursday,3
2013-09-26,22589,Thursday,3
2013-05-09,24404,Thursday,3
2013-10-10,21478,Thursday,3
2015-01-22,17630,Thursday,3
2013-05-23,24478,Thursday,3
2014-07-31,31775,Thursday,3
2014-07-17,31792,Thursday,3
2015-01-08,17687,Thursday,3
2013-10-03,21059,Thursday,3
2015-01-15,17596,Thursday,3
2013-05-16,24323,Thursday,3
2013-05-02,24553,Thursday,3
2015-04-16,27477,Thursday,3
2014-08-07,27901,Thursday,3
2015-02-05,19549,Thursday,3
2013-06-06,26193,Thursday,3
2014-06-12,29754,Thursday,3
2013-07-25,27682,Thursday,3
2013-10-31,21085,Thursday,3
2014-08-14,28076,Thursday,3
2015-02-19,19773,Thursday,3
2014-06-19,30049,Thursday,3
2013-04-18,22838,Thursday,3
2014-12-25,18607,Thursday,3
2013-09-19,23037,Thursday,3
2015-02-12,19513,Thursday,3
2014-06-26,30294,Thursday,3
2013-04-25,22607,Thursday,3
2013-10-24,21126,Thursday,3
2013-05-30,24310,Thursday,3
2014-07-03,31782,Thursday,3
2014-04-24,25999,Thursday,3
2014-09-04,26218,Thursday,3
2014-11-06,26394,Thursday,3
2015-05-14,29545,Thursday,3
2014-10-30,24211,Thursday,3
2014-03-27,22387,Thursday,3
2013-02-07,16112,Thursday,3
2014-10-09,24245,Thursday,3
2015-06-18,31188,Thursday,3
2014-01-09,16975,Thursday,3
2014-01-30,16899,Thursday,3
2015-05-21,29428,Thursday,3
2014-09-25,26262,Thursday,3
2013-07-18,27618,Thursday,3
2014-03-20,22165,Thursday,3
2014-01-02,17033,Thursday,3
2013-01-31,14724,Thursday,3
2014-02-27,18602,Thursday,3
2015-05-28,29231,Thursday,3
2014-01-16,17015,Thursday,3
2013-07-11,27977,Thursday,3
2013-01-17,14587,Thursday,3
2014-03-13,22427,Thursday,3
2013-08-08,24354,Thursday,3
2013-01-24,14472,Thursday,3
2015-06-04,31413,Thursday,3
2015-06-11,31403,Thursday,3
2014-10-02,24589,Thursday,3
2014-03-06,22364,Thursday,3
2014-09-11,25909,Thursday,3
2014-11-13,26238,Thursday,3
2013-08-15,24376,Thursday,3
2013-02-14,16379,Thursday,3
2013-02-28,16228,Thursday,3
2014-02-13,18565,Thursday,3
2013-06-27,26341,Thursday,3
2013-12-19,16132,Thursday,3
2015-04-23,27391,Thursday,3
2014-04-17,26447,Thursday,3
2013-01-03,14488,Thursday,3
2014-11-20,26057,Thursday,3
2013-02-21,16329,Thursday,3
2013-08-22,24523,Thursday,3
2013-01-10,14642,Thursday,3
2014-04-10,26201,Thursday,3
2014-02-06,18836,Thursday,3
2015-04-30,27506,Thursday,3
2014-10-23,24325,Thursday,3
2014-02-20,18755,Thursday,3
2014-04-03,26418,Thursday,3
2015-05-07,29216,Thursday,3
2015-06-25,31048,Thursday,3
2013-07-04,27624,Thursday,3
2014-01-23,16746,Thursday,3
2013-08-01,24052,Thursday,3
2013-12-26,16214,Thursday,3
2014-09-18,26266,Thursday,3
2017-04-07,32837,Friday,4
2016-03-18,27266,Friday,4
2016-05-27,33980,Friday,4
2013-09-27,24295,Friday,4
2013-08-02,26159,Friday,4
2014-10-10,25736,Friday,4
2014-08-08,29827,Friday,4
2017-06-02,37273,Friday,4
2016-06-03,35816,Friday,4
2017-05-26,35490,Friday,4
2014-08-01,29642,Friday,4
2016-03-25,26887,Friday,4
2016-04-22,31583,Friday,4
2014-10-03,25866,Friday,4
2017-05-05,35418,Friday,4
2014-09-12,27723,Friday,4
2013-08-23,25735,Friday,4
2014-09-05,28026,Friday,4
2016-04-29,31920,Friday,4
2017-05-12,35052,Friday,4
2013-08-30,26195,Friday,4
2016-04-15,31445,Friday,4
2017-04-28,33065,Friday,4
2014-08-29,29959,Friday,4
2016-05-06,34013,Friday,4
2014-09-19,28130,Friday,4
2013-09-20,24230,Friday,4
2013-08-16,26232,Friday,4
2014-08-22,29512,Friday,4
2017-05-19,35473,Friday,4
2016-04-08,31612,Friday,4
2016-05-13,33813,Friday,4
2017-04-21,32758,Friday,4
2014-09-26,27575,Friday,4
2013-09-13,24291,Friday,4
2013-08-09,25862,Friday,4
2014-08-15,29659,Friday,4
2016-04-01,31715,Friday,4
2016-05-20,34089,Friday,4
2017-04-14,32434,Friday,4
2013-09-06,24393,Friday,4
2017-03-31,27833,Friday,4
2015-07-03,35498,Friday,4
2016-06-10,36021,Friday,4
2016-10-07,29269,Friday,4
2014-03-28,23942,Friday,4
2014-01-03,17746,Friday,4
2016-12-30,22296,Friday,4
2016-09-30,31514,Friday,4
2014-04-04,27696,Friday,4
2013-12-27,17047,Friday,4
2016-09-23,31618,Friday,4
2014-04-11,27741,Friday,4
2017-01-06,20994,Friday,4
2013-12-20,17173,Friday,4
2016-09-16,31704,Friday,4
2014-04-18,27681,Friday,4
2017-01-13,21186,Friday,4
2016-09-09,31661,Friday,4
2014-04-25,27897,Friday,4
2013-12-13,17284,Friday,4
2016-12-23,22549,Friday,4
2017-01-20,21064,Friday,4
2014-01-10,17957,Friday,4
2016-10-14,29283,Friday,4
2014-02-14,19992,Friday,4
2014-02-07,19780,Friday,4
2016-11-25,31638,Friday,4
2016-11-11,31724,Friday,4
2014-02-21,19872,Friday,4
2014-01-31,18073,Friday,4
2016-12-02,22325,Friday,4
2016-11-04,31490,Friday,4
2014-02-28,19965,Friday,4
2014-01-24,18260,Friday,4
2016-10-28,29559,Friday,4
2014-03-07,24118,Friday,4
2016-12-09,22738,Friday,4
2014-01-17,17888,Friday,4
2016-10-21,29471,Friday,4
2014-03-14,24076,Friday,4
2016-12-16,22586,Friday,4
2014-03-21,23846,Friday,4
2016-09-02,31635,Friday,4
2014-05-02,30139,Friday,4
2013-12-06,17429,Friday,4
2014-06-20,32021,Friday,4
2017-03-03,28037,Friday,4
2013-10-25,22530,Friday,4
2016-07-08,38181,Friday,4
2014-06-27,32013,Friday,4
2017-03-10,28048,Friday,4
2016-07-01,38583,Friday,4
2014-07-04,33961,Friday,4
2013-10-18,22378,Friday,4
2017-03-17,27922,Friday,4
2016-06-24,36147,Friday,4
2014-07-11,33769,Friday,4
2013-10-11,22409,Friday,4
2017-03-24,27932,Friday,4
2016-06-17,36221,Friday,4
2014-07-18,34170,Friday,4
2013-10-04,22494,Friday,4
2016-07-15,38335,Friday,4
2013-11-01,24277,Friday,4
2016-07-22,38543,Friday,4
2017-02-24,23433,Friday,4
2017-01-27,21116,Friday,4
2016-08-26,33839,Friday,4
2014-05-09,29749,Friday,4
2013-11-29,24308,Friday,4
2016-08-19,33967,Friday,4
2014-05-16,29776,Friday,4
2017-02-03,23501,Friday,4
2013-11-22,24461,Friday,4
2014-07-25,34104,Friday,4
2016-08-12,33722,Friday,4
2017-02-10,23532,Friday,4
2016-08-05,33949,Friday,4
2014-05-30,30031,Friday,4
2013-11-15,24262,Friday,4
2017-02-17,23519,Friday,4
2016-07-29,38286,Friday,4
2014-06-06,31662,Friday,4
2013-11-08,24466,Friday,4
2014-05-23,29521,Friday,4
2014-06-13,31897,Friday,4
2016-03-11,27368,Friday,4
2013-07-26,29585,Friday,4
2015-01-30,18772,Friday,4
2013-05-03,25996,Friday,4
2017-09-01,32529,Friday,4
2017-11-17,32771,Friday,4
2015-11-27,29359,Friday,4
2015-02-06,20807,Friday,4
2015-12-04,20652,Friday,4
2015-05-08,31214,Friday,4
2013-04-26,24303,Friday,4
2017-09-08,33158,Friday,4
2015-11-20,29165,Friday,4
2015-02-13,20586,Friday,4
2013-02-15,17563,Friday,4
2013-04-19,24077,Friday,4
2015-08-28,31286,Friday,4
2015-08-21,31598,Friday,4
2017-08-25,34884,Friday,4
2015-01-23,18720,Friday,4
2017-08-11,35084,Friday,4
2015-12-25,20877,Friday,4
2015-01-09,18816,Friday,4
2015-05-22,30977,Friday,4
2015-08-14,31302,Friday,4
2015-04-10,29001,Friday,4
2013-05-17,25786,Friday,4
2015-12-18,20837,Friday,4
2015-01-16,18490,Friday,4
2017-08-18,35240,Friday,4
2017-11-24,32607,Friday,4
2013-02-08,17450,Friday,4
2015-05-15,31220,Friday,4
2013-05-10,25964,Friday,4
2015-12-11,20780,Friday,4
2015-11-13,29194,Friday,4
2015-02-20,20843,Friday,4
2017-09-15,32591,Friday,4
2017-11-10,32846,Friday,4
2015-10-16,26984,Friday,4
2015-03-20,25513,Friday,4
2013-03-01,20978,Friday,4
2013-03-22,20812,Friday,4
2015-10-09,26685,Friday,4
2015-03-27,24810,Friday,4
2017-10-13,30354,Friday,4
2015-04-17,29424,Friday,4
2015-09-18,29161,Friday,4
2017-10-27,30466,Friday,4
2013-03-15,20663,Friday,4
2015-10-02,27127,Friday,4
2015-04-03,29424,Friday,4
2017-10-20,30529,Friday,4
2013-03-08,20755,Friday,4
2017-10-06,30225,Friday,4
2013-05-24,25950,Friday,4
2013-03-29,20711,Friday,4
2015-09-11,29173,Friday,4
2014-10-17,25753,Friday,4
2015-05-01,31268,Friday,4
2015-09-04,29415,Friday,4
2013-04-12,24183,Friday,4
2015-11-06,29107,Friday,4
2015-02-27,20709,Friday,4
2017-09-22,32716,Friday,4
2013-02-22,17393,Friday,4
2015-10-30,27160,Friday,4
2015-03-06,24881,Friday,4
2013-04-05,24180,Friday,4
2017-09-29,32700,Friday,4
2015-10-23,27057,Friday,4
2015-03-13,25084,Friday,4
2015-04-24,29015,Friday,4
2017-11-03,32843,Friday,4
2013-02-01,17473,Friday,4
2015-09-25,29104,Friday,4
2017-12-01,23460,Friday,4
2017-06-23,37426,Friday,4
2016-03-04,27149,Friday,4
2016-01-29,20209,Friday,4
2017-07-14,40125,Friday,4
2013-06-21,27667,Friday,4
2013-01-18,15495,Friday,4
2014-11-28,28029,Friday,4
2014-10-31,25903,Friday,4
2016-02-05,22494,Friday,4
2015-07-24,35459,Friday,4
2015-01-02,18719,Friday,4
2017-07-07,39989,Friday,4
2013-06-28,27590,Friday,4
2014-11-21,27690,Friday,4
2016-02-12,22517,Friday,4
2015-06-12,33313,Friday,4
2017-12-15,23581,Friday,4
2017-06-30,37182,Friday,4
2017-12-22,23567,Friday,4
2013-07-12,29650,Friday,4
2014-11-14,28003,Friday,4
2016-02-26,22588,Friday,4
2016-02-19,22721,Friday,4
2013-01-11,15633,Friday,4
2013-07-05,29418,Friday,4
2015-07-17,35368,Friday,4
2015-06-19,33201,Friday,4
2015-07-10,35418,Friday,4
2014-12-05,19966,Friday,4
2014-11-07,27867,Friday,4
2015-06-05,33351,Friday,4
2017-06-09,37304,Friday,4
2016-01-01,20158,Friday,4
2017-08-04,35134,Friday,4
2017-12-29,23535,Friday,4
2013-05-31,26092,Friday,4
2014-12-26,19879,Friday,4
2016-01-08,20265,Friday,4
2015-08-07,31296,Friday,4
2015-05-29,31379,Friday,4
2013-01-04,15677,Friday,4
2017-07-28,39290,Friday,4
2016-11-18,31419,Friday,4
2017-12-08,23471,Friday,4
2016-01-15,20354,Friday,4
2014-12-19,20006,Friday,4
2013-01-25,15640,Friday,4
2015-07-31,35309,Friday,4
2013-06-14,27635,Friday,4
2017-07-21,39819,Friday,4
2016-01-22,20243,Friday,4
2014-10-24,25959,Friday,4
2013-06-07,27734,Friday,4
2015-06-26,33415,Friday,4
2013-07-19,29734,Friday,4
2017-06-16,37253,Friday,4
2014-12-12,19874,Friday,4
2017-01-14,22434,Saturday,5
2014-02-01,21074,Saturday,5
2017-01-21,22591,Saturday,5
2017-10-28,32392,Saturday,5
2017-12-23,24763,Saturday,5
2013-12-14,18335,Saturday,5
2013-01-05,16237,Saturday,5
2013-03-02,22094,Saturday,5
2016-11-26,33435,Saturday,5
2016-12-03,23728,Saturday,5
2013-02-23,18436,Saturday,5
2014-01-11,18925,Saturday,5
2016-12-17,24101,Saturday,5
2013-02-02,18323,Saturday,5
2017-12-02,24538,Saturday,5
2016-12-24,24187,Saturday,5
2013-01-26,16561,Saturday,5
2014-01-04,19184,Saturday,5
2014-01-18,18964,Saturday,5
2013-02-09,18425,Saturday,5
2016-12-10,24086,Saturday,5
2017-11-04,35064,Saturday,5
2017-11-18,35007,Saturday,5
2013-01-19,16294,Saturday,5
2016-12-31,23792,Saturday,5
2013-12-28,18433,Saturday,5
2013-02-16,18428,Saturday,5
2017-11-11,34476,Saturday,5
2014-01-25,19179,Saturday,5
2017-12-16,24953,Saturday,5
2017-01-07,22591,Saturday,5
2013-12-21,18511,Saturday,5
2013-01-12,16679,Saturday,5
2017-12-09,24811,Saturday,5
2017-11-25,34939,Saturday,5
2013-11-02,25569,Saturday,5
2013-03-09,22054,Saturday,5
2013-08-31,27482,Saturday,5
2017-04-29,34663,Saturday,5
2017-07-15,42170,Saturday,5
2013-06-15,29396,Saturday,5
2013-09-07,25892,Saturday,5
2017-04-22,34821,Saturday,5
2017-07-22,42513,Saturday,5
2013-06-22,29464,Saturday,5
2013-06-08,29487,Saturday,5
2017-07-29,42111,Saturday,5
2013-06-01,29220,Saturday,5
2017-04-15,34787,Saturday,5
2017-08-05,37237,Saturday,5
2013-09-21,25981,Saturday,5
2017-04-08,35167,Saturday,5
2013-05-25,27828,Saturday,5
2013-09-14,25894,Saturday,5
2013-09-28,25408,Saturday,5
2017-05-06,37493,Saturday,5
2017-07-08,41659,Saturday,5
2013-07-27,31681,Saturday,5
2017-06-03,39931,Saturday,5
2017-06-10,39854,Saturday,5
2013-07-20,31281,Saturday,5
2013-08-03,27866,Saturday,5
2017-05-27,37321,Saturday,5
2017-06-17,40100,Saturday,5
2013-08-24,27768,Saturday,5
2013-07-13,31540,Saturday,5
2017-05-20,37669,Saturday,5
2017-06-24,39501,Saturday,5
2013-07-06,31178,Saturday,5
2013-08-17,27887,Saturday,5
2017-07-01,42594,Saturday,5
2017-05-13,37346,Saturday,5
2013-06-29,29449,Saturday,5
2013-08-10,27482,Saturday,5
2013-12-07,18609,Saturday,5
2017-04-01,34746,Saturday,5
2013-05-18,27575,Saturday,5
2013-11-09,25864,Saturday,5
2013-04-06,25805,Saturday,5
2017-02-18,24852,Saturday,5
2017-09-30,34623,Saturday,5
2013-03-30,22292,Saturday,5
2013-11-16,25710,Saturday,5
2017-02-11,25311,Saturday,5
2017-09-23,34654,Saturday,5
2017-10-07,32189,Saturday,5
2013-11-23,25820,Saturday,5
2017-02-04,25018,Saturday,5
2017-10-14,32616,Saturday,5
2013-03-16,22144,Saturday,5
2013-11-30,25703,Saturday,5
2017-01-28,22210,Saturday,5
2017-10-21,32690,Saturday,5
2013-03-23,22108,Saturday,5
2017-08-12,37400,Saturday,5
2013-04-13,25758,Saturday,5
2017-09-16,34938,Saturday,5
2013-10-05,23892,Saturday,5
2017-03-25,29977,Saturday,5
2017-08-19,37554,Saturday,5
2013-05-11,27518,Saturday,5
2013-10-12,23836,Saturday,5
2017-08-26,37753,Saturday,5
2013-05-04,27754,Saturday,5
2017-02-25,25052,Saturday,5
2017-03-18,29897,Saturday,5
2013-10-19,24083,Saturday,5
2017-03-11,29835,Saturday,5
2013-04-27,25379,Saturday,5
2017-09-09,34686,Saturday,5
2013-10-26,23745,Saturday,5
2017-03-04,29513,Saturday,5
2013-04-20,25553,Saturday,5
2017-09-02,34809,Saturday,5
2014-02-08,21400,Saturday,5
2016-10-01,30816,Saturday,5
2015-03-28,26389,Saturday,5
2016-06-04,38188,Saturday,5
2014-08-02,31897,Saturday,5
2015-03-14,26436,Saturday,5
2016-05-28,36081,Saturday,5
2014-08-09,31695,Saturday,5
2015-10-24,28733,Saturday,5
2016-05-21,35575,Saturday,5
2015-03-07,26729,Saturday,5
2015-10-17,28702,Saturday,5
2014-08-16,31769,Saturday,5
2016-05-14,35516,Saturday,5
2014-08-23,31607,Saturday,5
2015-02-28,21939,Saturday,5
2016-05-07,35855,Saturday,5
2014-08-30,31719,Saturday,5
2015-11-07,30781,Saturday,5
2016-04-30,33783,Saturday,5
2014-09-06,29445,Saturday,5
2015-10-31,28844,Saturday,5
2015-03-21,26611,Saturday,5
2014-07-26,36260,Saturday,5
2016-06-11,38335,Saturday,5
2016-07-23,40143,Saturday,5
2014-06-14,34206,Saturday,5
2015-09-19,30976,Saturday,5
2016-07-16,40583,Saturday,5
2014-06-21,34410,Saturday,5
2015-04-11,31027,Saturday,5
2015-09-26,30867,Saturday,5
2016-07-09,40713,Saturday,5
2014-06-28,34048,Saturday,5
2015-04-04,30829,Saturday,5
2016-07-02,40534,Saturday,5
2014-07-05,36006,Saturday,5
2015-10-03,28730,Saturday,5
2016-06-25,38364,Saturday,5
2014-07-12,36069,Saturday,5
2014-12-20,20945,Saturday,5
2016-06-18,38032,Saturday,5
2014-07-19,35808,Saturday,5
2015-10-10,28478,Saturday,5
2015-02-21,22021,Saturday,5
2015-11-14,31112,Saturday,5
2016-04-23,33316,Saturday,5
2014-09-13,29808,Saturday,5
2015-12-19,21835,Saturday,5
2016-02-27,24090,Saturday,5
2014-11-08,29582,Saturday,5
2015-01-10,19939,Saturday,5
2016-02-20,23977,Saturday,5
2014-11-15,29736,Saturday,5
2015-12-26,22256,Saturday,5
2015-01-03,19798,Saturday,5
2016-02-13,24040,Saturday,5
2014-11-22,29744,Saturday,5
2016-02-06,23999,Saturday,5
2016-01-02,21280,Saturday,5
2014-11-29,29651,Saturday,5
2014-12-27,21317,Saturday,5
2016-01-30,21535,Saturday,5
2014-12-06,21245,Saturday,5
2016-01-09,21309,Saturday,5
2016-01-23,21515,Saturday,5
2014-12-13,21291,Saturday,5
2015-01-17,19967,Saturday,5
2015-04-18,31103,Saturday,5
2014-11-01,29728,Saturday,5
2014-10-25,27547,Saturday,5
2016-04-16,33306,Saturday,5
2015-02-14,22041,Saturday,5
2014-09-20,29770,Saturday,5
2015-11-21,31082,Saturday,5
2016-04-09,33617,Saturday,5
2014-09-27,29745,Saturday,5
2015-02-07,22209,Saturday,5
2016-04-02,33021,Saturday,5
2014-10-04,27581,Saturday,5
2015-11-28,30957,Saturday,5
2015-01-31,19900,Saturday,5
2016-03-26,28640,Saturday,5
2014-10-11,27251,Saturday,5
2015-12-05,22237,Saturday,5
2016-03-19,28717,Saturday,5
2014-10-18,27647,Saturday,5
2015-01-24,19820,Saturday,5
2016-03-12,28715,Saturday,5
2015-12-12,22122,Saturday,5
2016-03-05,28965,Saturday,5
2014-06-07,33478,Saturday,5
2016-01-16,21665,Saturday,5
2014-03-08,25273,Saturday,5
2016-08-27,36008,Saturday,5
2015-06-20,35337,Saturday,5
2014-05-03,31794,Saturday,5
2016-10-29,30979,Saturday,5
2014-03-29,25452,Saturday,5
2015-08-22,33080,Saturday,5
2015-07-18,37568,Saturday,5
2016-09-03,33297,Saturday,5
2015-05-16,33216,Saturday,5
2014-04-26,29580,Saturday,5
2016-09-10,33441,Saturday,5
2015-08-15,33119,Saturday,5
2016-10-22,31195,Saturday,5
2014-03-15,25687,Saturday,5
2014-05-10,31806,Saturday,5
2014-04-19,29683,Saturday,5
2015-05-23,33135,Saturday,5
2015-06-13,35597,Saturday,5
2015-07-25,37608,Saturday,5
2015-08-08,33312,Saturday,5
2014-04-12,29516,Saturday,5
2016-09-24,33488,Saturday,5
2015-09-12,30496,Saturday,5
2015-05-30,33074,Saturday,5
2016-10-15,31340,Saturday,5
2014-03-22,25458,Saturday,5
2014-04-05,29703,Saturday,5
2017-12-30,24988,Saturday,5
2016-10-08,31431,Saturday,5
2015-08-01,33345,Saturday,5
2016-09-17,33381,Saturday,5
2015-07-11,37640,Saturday,5
2015-06-06,35314,Saturday,5
2016-08-13,35971,Saturday,5
2014-05-24,31836,Saturday,5
2015-05-09,33102,Saturday,5
2015-07-04,37776,Saturday,5
2015-06-27,35251,Saturday,5
2016-08-06,36430,Saturday,5
2015-05-02,33053,Saturday,5
2015-09-05,30808,Saturday,5
2014-02-15,21063,Saturday,5
2014-05-31,31735,Saturday,5
2014-05-17,32158,Saturday,5
2014-02-22,21066,Saturday,5
2016-11-05,33623,Saturday,5
2015-08-29,33113,Saturday,5
2016-07-30,40857,Saturday,5
2014-03-01,25245,Saturday,5
2016-08-20,35925,Saturday,5
2016-11-12,33496,Saturday,5
2015-04-25,30837,Saturday,5
2016-11-19,33511,Saturday,5
2013-05-05,29338,Sunday,6
2015-01-25,21212,Sunday,6
2017-12-10,26402,Sunday,6
2015-07-05,39740,Sunday,6
2015-06-07,37528,Sunday,6
2015-07-26,39536,Sunday,6
2015-12-06,23745,Sunday,6
2013-01-20,17612,Sunday,6
2017-08-27,39760,Sunday,6
2014-12-21,22497,Sunday,6
2015-02-01,23395,Sunday,6
2017-07-30,44832,Sunday,6
2016-01-10,22811,Sunday,6
2015-11-29,32834,Sunday,6
2013-06-02,31279,Sunday,6
2015-12-27,23268,Sunday,6
2015-06-14,37802,Sunday,6
2015-07-12,39794,Sunday,6
2015-06-21,37431,Sunday,6
2015-01-04,21101,Sunday,6
2017-08-13,39492,Sunday,6
2013-05-19,29146,Sunday,6
2015-01-11,21161,Sunday,6
2017-12-24,26130,Sunday,6
2013-05-26,29595,Sunday,6
2015-12-20,23579,Sunday,6
2015-06-28,37410,Sunday,6
2017-08-06,39295,Sunday,6
2013-01-13,17741,Sunday,6
2015-01-18,21025,Sunday,6
2017-12-17,26167,Sunday,6
2016-01-03,22911,Sunday,6
2015-07-19,39667,Sunday,6
2017-08-20,40022,Sunday,6
2013-05-12,28968,Sunday,6
2014-12-28,22532,Sunday,6
2015-12-13,23290,Sunday,6
2013-01-06,17291,Sunday,6
2015-09-13,32896,Sunday,6
2015-11-15,32854,Sunday,6
2013-04-28,27510,Sunday,6
2015-08-23,35223,Sunday,6
2017-10-08,34194,Sunday,6
2013-03-24,23287,Sunday,6
2015-03-22,28296,Sunday,6
2015-10-11,30534,Sunday,6
2015-05-10,35067,Sunday,6
2015-08-30,35404,Sunday,6
2015-03-29,28255,Sunday,6
2017-10-15,34123,Sunday,6
2013-03-17,23338,Sunday,6
2015-10-04,30353,Sunday,6
2013-02-17,19502,Sunday,6
2017-11-12,36934,Sunday,6
2015-05-03,34732,Sunday,6
2015-04-05,32725,Sunday,6
2015-09-27,32705,Sunday,6
2017-10-22,34381,Sunday,6
2013-03-10,23252,Sunday,6
2015-09-06,32969,Sunday,6
2015-04-12,32972,Sunday,6
2015-04-26,32965,Sunday,6
2013-02-24,19482,Sunday,6
2015-09-20,32869,Sunday,6
2017-10-29,34312,Sunday,6
2013-03-03,23260,Sunday,6
2017-11-05,36903,Sunday,6
2015-04-19,33013,Sunday,6
2017-11-19,36516,Sunday,6
2017-09-03,36521,Sunday,6
2015-10-18,30511,Sunday,6
2015-03-15,28128,Sunday,6
2015-02-08,23586,Sunday,6
2015-08-02,35387,Sunday,6
2015-11-22,32732,Sunday,6
2015-05-31,35037,Sunday,6
2017-09-10,37162,Sunday,6
2013-01-27,17579,Sunday,6
2013-04-21,27437,Sunday,6
2015-02-15,23276,Sunday,6
2017-12-03,26533,Sunday,6
2015-02-22,23501,Sunday,6
2015-08-09,35331,Sunday,6
2017-09-17,36836,Sunday,6
2013-04-14,27389,Sunday,6
2015-11-08,32839,Sunday,6
2015-05-24,35124,Sunday,6
2015-03-01,28266,Sunday,6
2015-11-01,32817,Sunday,6
2017-09-24,36615,Sunday,6
2013-02-03,19544,Sunday,6
2017-11-26,36973,Sunday,6
2013-04-07,27172,Sunday,6
2015-08-16,35148,Sunday,6
2015-03-08,28151,Sunday,6
2015-10-25,30639,Sunday,6
2015-05-17,35300,Sunday,6
2017-10-01,33845,Sunday,6
2013-03-31,23537,Sunday,6
2013-02-10,19501,Sunday,6
2014-02-09,22544,Sunday,6
2017-06-11,42022,Sunday,6
2013-06-09,30967,Sunday,6
2016-07-31,43294,Sunday,6
2014-06-01,35900,Sunday,6
2013-11-17,27248,Sunday,6
2017-02-12,26487,Sunday,6
2016-08-07,37885,Sunday,6
2014-05-25,33514,Sunday,6
2016-08-14,38105,Sunday,6
2017-02-19,26427,Sunday,6
2013-11-24,27319,Sunday,6
2014-05-18,33673,Sunday,6
2016-08-21,38057,Sunday,6
2014-05-11,33507,Sunday,6
2013-12-01,19357,Sunday,6
2017-01-29,23807,Sunday,6
2016-08-28,37831,Sunday,6
2014-05-04,33676,Sunday,6
2017-02-05,26084,Sunday,6
2013-12-08,19287,Sunday,6
2013-11-10,27191,Sunday,6
2016-07-24,42881,Sunday,6
2013-10-13,25438,Sunday,6
2017-03-19,31483,Sunday,6
2016-06-26,40921,Sunday,6
2014-07-06,38209,Sunday,6
2013-10-20,25209,Sunday,6
2017-03-12,31806,Sunday,6
2016-07-03,43103,Sunday,6
2014-06-08,35783,Sunday,6
2014-06-29,35998,Sunday,6
2013-10-27,25247,Sunday,6
2017-03-05,31693,Sunday,6
2014-06-22,35673,Sunday,6
2016-07-17,43247,Sunday,6
2014-06-15,36461,Sunday,6
2013-11-03,27266,Sunday,6
2017-02-26,26577,Sunday,6
2016-07-10,43427,Sunday,6
2014-07-13,37848,Sunday,6
2017-01-22,23831,Sunday,6
2014-04-27,31587,Sunday,6
2016-10-16,33310,Sunday,6
2014-03-16,26959,Sunday,6
2016-10-23,32925,Sunday,6
2014-01-19,20093,Sunday,6
2016-12-11,25187,Sunday,6
2014-03-09,26992,Sunday,6
2016-10-30,32709,Sunday,6
2016-12-18,25044,Sunday,6
2014-03-02,26956,Sunday,6
2016-12-04,25298,Sunday,6
2016-11-06,35520,Sunday,6
2014-02-23,22515,Sunday,6
2014-02-02,22709,Sunday,6
2016-11-27,35357,Sunday,6
2016-11-13,35753,Sunday,6
2014-02-16,22409,Sunday,6
2014-01-26,20232,Sunday,6
2016-09-04,35553,Sunday,6
2014-01-12,19973,Sunday,6
2016-10-09,32882,Sunday,6
2013-12-15,19738,Sunday,6
2017-01-15,23701,Sunday,6
2016-09-11,35101,Sunday,6
2014-04-20,31447,Sunday,6
2016-09-18,35616,Sunday,6
2013-12-22,19693,Sunday,6
2017-01-08,23700,Sunday,6
2014-03-23,26990,Sunday,6
2014-04-13,31455,Sunday,6
2014-04-06,31780,Sunday,6
2013-12-29,19148,Sunday,6
2017-01-01,23709,Sunday,6
2016-10-02,32994,Sunday,6
2014-03-30,26951,Sunday,6
2014-01-05,20182,Sunday,6
2016-12-25,25195,Sunday,6
2016-09-25,35461,Sunday,6
2016-01-17,22813,Sunday,6
2016-06-19,40460,Sunday,6
2013-10-06,25318,Sunday,6
2016-02-28,25436,Sunday,6
2014-11-02,31225,Sunday,6
2013-07-14,33113,Sunday,6
2017-06-18,42004,Sunday,6
2016-03-06,30323,Sunday,6
2014-10-26,29107,Sunday,6
2013-07-21,33150,Sunday,6
2014-11-09,31175,Sunday,6
2016-11-20,35488,Sunday,6
2014-10-19,29173,Sunday,6
2013-07-28,33216,Sunday,6
2017-06-04,42061,Sunday,6
2016-03-20,30461,Sunday,6
2014-10-12,29066,Sunday,6
2016-03-27,30491,Sunday,6
2013-08-04,29301,Sunday,6
2016-03-13,30321,Sunday,6
2017-05-28,39417,Sunday,6
2017-06-25,42029,Sunday,6
2016-02-21,25500,Sunday,6
2017-07-23,44831,Sunday,6
2014-12-14,22468,Sunday,6
2016-01-24,22774,Sunday,6
2014-12-07,22015,Sunday,6
2013-06-16,31206,Sunday,6
2017-07-16,44856,Sunday,6
2016-01-31,22719,Sunday,6
2013-07-07,32949,Sunday,6
2014-11-30,31324,Sunday,6
2017-07-09,44610,Sunday,6
2016-02-07,25046,Sunday,6
2014-11-23,31505,Sunday,6
2013-06-30,31256,Sunday,6
2017-07-02,44936,Sunday,6
2016-02-14,25234,Sunday,6
2014-11-16,31354,Sunday,6
2013-06-23,31470,Sunday,6
2017-03-26,31754,Sunday,6
2014-10-05,29000,Sunday,6
2014-09-28,31266,Sunday,6
2016-05-15,37877,Sunday,6
2014-08-17,33894,Sunday,6
2013-09-15,27255,Sunday,6
2017-04-16,36498,Sunday,6
2016-05-22,37914,Sunday,6
2014-08-10,33779,Sunday,6
2013-09-22,27439,Sunday,6
2017-04-23,37097,Sunday,6
2017-04-09,36603,Sunday,6
2014-08-03,33246,Sunday,6
2016-06-05,40814,Sunday,6
2013-09-29,27363,Sunday,6
2017-04-02,36777,Sunday,6
2014-07-27,38318,Sunday,6
2016-06-12,40709,Sunday,6
2014-07-20,38144,Sunday,6
2016-05-29,38372,Sunday,6
2016-04-03,35681,Sunday,6
2013-09-08,27320,Sunday,6
2016-05-08,38319,Sunday,6
2013-08-11,29260,Sunday,6
2017-05-21,39874,Sunday,6
2016-04-10,35731,Sunday,6
2014-09-21,31388,Sunday,6
2013-08-18,29179,Sunday,6
2017-05-14,39409,Sunday,6
2016-04-17,35747,Sunday,6
2014-08-24,33539,Sunday,6
2014-09-14,31629,Sunday,6
2017-05-07,39460,Sunday,6
2016-04-24,35576,Sunday,6
2014-09-07,31581,Sunday,6
2016-05-01,37851,Sunday,6
2013-09-01,27346,Sunday,6
2017-04-30,36785,Sunday,6
2014-08-31,33611,Sunday,6
2013-08-25,28990,Sunday,6
2017-12-31,26420,Sunday,6
